{"data_time": 0.061477737996028736, "eta_seconds": 277.75457424111664, "fast_rcnn/cls_accuracy": 0.8470052083333333, "fast_rcnn/false_negative": 1.0, "fast_rcnn/fg_cls_accuracy": 0.0, "iteration": 19, "loss_box_reg": 0.5543352365493774, "loss_cls": 0.6832103729248047, "loss_rpn_cls": 0.0057586259208619595, "loss_rpn_loc": 0.003777501522563398, "lr": 0.00038961999999999997, "roi_head/num_bg_samples": 110.20833333333333, "roi_head/num_fg_samples": 17.791666666666668, "rpn/num_neg_anchors": 252.5, "rpn/num_pos_anchors": 3.5, "time": 0.5786553630023263, "total_loss": 1.3026597739662975}
{"data_time": 0.0785057905013673, "eta_seconds": 279.01035821822006, "fast_rcnn/cls_accuracy": 0.9456380208333334, "fast_rcnn/false_negative": 0.3244824630801688, "fast_rcnn/fg_cls_accuracy": 0.6755175369198312, "iteration": 39, "loss_box_reg": 0.5212569534778595, "loss_cls": 0.14253824949264526, "loss_rpn_cls": 0.002735926187597215, "loss_rpn_loc": 0.0033294542226940393, "lr": 0.0007892200000000001, "roi_head/num_bg_samples": 107.79166666666667, "roi_head/num_fg_samples": 20.208333333333332, "rpn/num_neg_anchors": 252.66666666666666, "rpn/num_pos_anchors": 3.3333333333333335, "time": 0.6562194800062571, "total_loss": 0.6844435565872118}
{"data_time": 0.058016042021336034, "eta_seconds": 263.28422405931633, "fast_rcnn/cls_accuracy": 0.9736328125, "fast_rcnn/false_negative": 0.03821176250409395, "fast_rcnn/fg_cls_accuracy": 0.9617882374959061, "iteration": 59, "loss_box_reg": 0.3175690919160843, "loss_cls": 0.06192249804735184, "loss_rpn_cls": 0.0005972745129838586, "loss_rpn_loc": 0.003576313378289342, "lr": 0.00118882, "roi_head/num_bg_samples": 100.75, "roi_head/num_fg_samples": 27.25, "rpn/num_neg_anchors": 252.625, "rpn/num_pos_anchors": 3.375, "time": 0.5863915200025076, "total_loss": 0.3792525391909294}
{"data_time": 0.03927181550534442, "eta_seconds": 249.18265154730761, "fast_rcnn/cls_accuracy": 0.9807942708333334, "fast_rcnn/false_negative": 0.027495023100326785, "fast_rcnn/fg_cls_accuracy": 0.9725049768996732, "iteration": 79, "loss_box_reg": 0.15382058918476105, "loss_cls": 0.05153901316225529, "loss_rpn_cls": 0.00010005918375100009, "loss_rpn_loc": 0.002740921569056809, "lr": 0.0015884200000000001, "roi_head/num_bg_samples": 101.66666666666667, "roi_head/num_fg_samples": 26.333333333333332, "rpn/num_neg_anchors": 252.45833333333331, "rpn/num_pos_anchors": 3.541666666666667, "time": 0.5787737325008493, "total_loss": 0.20773523079697043}
{"data_time": 0.049566644011065364, "eta_seconds": 235.2539959945716, "fast_rcnn/cls_accuracy": 0.9876302083333334, "fast_rcnn/false_negative": 0.016534391534391533, "fast_rcnn/fg_cls_accuracy": 0.9834656084656084, "iteration": 99, "loss_box_reg": 0.11098936200141907, "loss_cls": 0.03676883317530155, "loss_rpn_cls": 8.720616460777819e-05, "loss_rpn_loc": 0.0021159135503694415, "lr": 0.00198802, "roi_head/num_bg_samples": 103.04166666666666, "roi_head/num_fg_samples": 24.958333333333336, "rpn/num_neg_anchors": 252.58333333333334, "rpn/num_pos_anchors": 3.4166666666666665, "time": 0.5804343804920791, "total_loss": 0.15123092942667427}
{"data_time": 0.0657535050122533, "eta_seconds": 223.6768053570995, "fast_rcnn/cls_accuracy": 0.98828125, "fast_rcnn/false_negative": 0.010310374149659863, "fast_rcnn/fg_cls_accuracy": 0.9896896258503401, "iteration": 119, "loss_box_reg": 0.09734280779957771, "loss_cls": 0.034416643902659416, "loss_rpn_cls": 0.00011382269440218806, "loss_rpn_loc": 0.0019263417343609035, "lr": 0.00238762, "roi_head/num_bg_samples": 102.83333333333333, "roi_head/num_fg_samples": 25.166666666666668, "rpn/num_neg_anchors": 252.45833333333331, "rpn/num_pos_anchors": 3.541666666666667, "time": 0.5961626119969878, "total_loss": 0.13115301302786975}
{"data_time": 0.06279625798924826, "eta_seconds": 211.7997682193527, "fast_rcnn/cls_accuracy": 0.9895833333333334, "fast_rcnn/false_negative": 0.009724703162761375, "fast_rcnn/fg_cls_accuracy": 0.9902752968372386, "iteration": 139, "loss_box_reg": 0.08721774071455002, "loss_cls": 0.030822165310382843, "loss_rpn_cls": 4.871734381595161e-05, "loss_rpn_loc": 0.0016932504950091243, "lr": 0.0027872200000000004, "roi_head/num_bg_samples": 102.29166666666667, "roi_head/num_fg_samples": 25.708333333333332, "rpn/num_neg_anchors": 252.58333333333334, "rpn/num_pos_anchors": 3.4166666666666665, "time": 0.5850901465164497, "total_loss": 0.11957628991331148}
{"data_time": 0.04365131900704, "eta_seconds": 199.89284402603516, "fast_rcnn/cls_accuracy": 0.9905598958333333, "fast_rcnn/false_negative": 0.01088521315039516, "fast_rcnn/fg_cls_accuracy": 0.9891147868496049, "iteration": 159, "loss_box_reg": 0.09914182499051094, "loss_cls": 0.03013650607317686, "loss_rpn_cls": 6.949429734959267e-05, "loss_rpn_loc": 0.0017140558920800686, "lr": 0.0031868200000000004, "roi_head/num_bg_samples": 102.375, "roi_head/num_fg_samples": 25.625, "rpn/num_neg_anchors": 252.45833333333331, "rpn/num_pos_anchors": 3.541666666666667, "time": 0.579557291479432, "total_loss": 0.13075831162677787}
{"data_time": 0.05708078050520271, "eta_seconds": 188.1344414362684, "fast_rcnn/cls_accuracy": 0.9915364583333334, "fast_rcnn/false_negative": 0.007937648895095704, "fast_rcnn/fg_cls_accuracy": 0.9920623511049043, "iteration": 179, "loss_box_reg": 0.07481341809034348, "loss_cls": 0.025765497237443924, "loss_rpn_cls": 0.00011712776540662162, "loss_rpn_loc": 0.0016253352514468133, "lr": 0.00358642, "roi_head/num_bg_samples": 103.25, "roi_head/num_fg_samples": 24.75, "rpn/num_neg_anchors": 252.625, "rpn/num_pos_anchors": 3.375, "time": 0.5868807360238861, "total_loss": 0.10580056369508384}
{"data_time": 0.0533378030086169, "eta_seconds": 176.4404969959287, "fast_rcnn/cls_accuracy": 0.9915364583333334, "fast_rcnn/false_negative": 0.00867342560468794, "fast_rcnn/fg_cls_accuracy": 0.9913265743953121, "iteration": 199, "loss_box_reg": 0.07289467006921768, "loss_cls": 0.024952649138867855, "loss_rpn_cls": 7.08434781699907e-05, "loss_rpn_loc": 0.0016330109792761505, "lr": 0.00398602, "roi_head/num_bg_samples": 105.08333333333333, "roi_head/num_fg_samples": 22.916666666666668, "rpn/num_neg_anchors": 252.5, "rpn/num_pos_anchors": 3.5, "time": 0.5895562520017847, "total_loss": 0.10358155458015972}
{"data_time": 0.07027931649645325, "eta_seconds": 164.8144881578628, "fast_rcnn/cls_accuracy": 0.9915364583333334, "fast_rcnn/false_negative": 0.008767288942634722, "fast_rcnn/fg_cls_accuracy": 0.9912327110573653, "iteration": 219, "loss_box_reg": 0.06763266772031784, "loss_cls": 0.024831033311784267, "loss_rpn_cls": 7.890765846241266e-05, "loss_rpn_loc": 0.0015381109551526606, "lr": 0.00438562, "roi_head/num_bg_samples": 104.79166666666666, "roi_head/num_fg_samples": 23.208333333333336, "rpn/num_neg_anchors": 252.66666666666666, "rpn/num_pos_anchors": 3.3333333333333335, "time": 0.5999320310074836, "total_loss": 0.09680158697119623}
{"data_time": 0.05829690149403177, "eta_seconds": 152.97591048991308, "fast_rcnn/cls_accuracy": 0.9928385416666666, "fast_rcnn/false_negative": 0.005122852481044246, "fast_rcnn/fg_cls_accuracy": 0.9948771475189557, "iteration": 239, "loss_box_reg": 0.07096127420663834, "loss_cls": 0.02247939445078373, "loss_rpn_cls": 8.304935181513429e-05, "loss_rpn_loc": 0.0014013846521265805, "lr": 0.00478522, "roi_head/num_bg_samples": 104.5, "roi_head/num_fg_samples": 23.5, "rpn/num_neg_anchors": 252.70833333333331, "rpn/num_pos_anchors": 3.291666666666667, "time": 0.581894816015847, "total_loss": 0.09362754327776202}
{"data_time": 0.06301194700063206, "eta_seconds": 141.37612343765795, "fast_rcnn/cls_accuracy": 0.9931640625, "fast_rcnn/false_negative": 0.007034765837495673, "fast_rcnn/fg_cls_accuracy": 0.9929652341625044, "iteration": 259, "loss_box_reg": 0.07857365906238556, "loss_cls": 0.0223076269030571, "loss_rpn_cls": 5.3149940868024714e-05, "loss_rpn_loc": 0.0015878111589699984, "lr": 0.00518482, "roi_head/num_bg_samples": 104.95833333333334, "roi_head/num_fg_samples": 23.041666666666664, "rpn/num_neg_anchors": 252.5,